{"cameraMode":{"drawMode":0,"name":"Shaded","section":"Shading Mode"},"sceneLighting":true,"audioPlay":false,"sceneViewState":{"showFog":true,"showMaterialUpdate":false,"showSkybox":true,"showFlares":true,"showImageEffects":true,"showParticleSystems":true},"in2DMode":false,"pivot":{"x":4.266941070556641,"y":1.8730926513671876,"z":-7.336999893188477},"rotation":{"x":0.054275110363960269,"y":-0.017977923154830934,"z":0.0009774977806955577,"w":0.9983721375465393},"size":6.097103118896484,"orthographic":false}