{"cameraMode":{"drawMode":0,"name":"Shaded","section":"Shading Mode"},"sceneLighting":true,"audioPlay":false,"sceneViewState":{"showFog":true,"showMaterialUpdate":false,"showSkybox":true,"showFlares":true,"showImageEffects":true,"showParticleSystems":true},"in2DMode":false,"pivot":{"x":421.855712890625,"y":58.186004638671878,"z":383.1077880859375},"rotation":{"x":-0.13042570650577546,"y":0.3377184569835663,"z":0.04731284826993942,"w":0.9309751391410828},"size":550.476806640625,"orthographic":false}